id,firstname,lastname,profession
2000,Drucie,Grobe,athlete
2001,Laurene,Brenn,doctor
2002,Paulita,Azeria,influencer
2003,Clo,Wandie,pharmacist
2004,Kirbee,Felizio,athlete
2005,Sherrie,Bord,police officer
2006,Lenna,Papageno,developer
2007,Meg,Merat,lawyer
2008,Jan,Kathie,plumber
2009,Orsola,Eugenia,doctor
2010,Olwen,Toor,firefighter
2011,Constance,Fulmer,doctor
2012,Lucille,Karl,doctor
2013,Rebeca,Calhoun,firefighter
2014,Anthia,Liva,firefighter
2015,Sam,Fulmer,lawyer
2016,Olwen,Raimondo,lawyer
2017,Alameda,Colyer,pharmacist
2018,Roxane,Tyson,architect
2019,Lusa,Killigrew,doctor
2020,Judy,Rourke,firefighter
2021,Ethel,Syd,lawyer
2022,Sissy,Merell,police officer
2023,Maisey,Obed,police officer
2024,Orsola,Phaidra,firefighter
2025,Feliza,Vernier,firefighter
2026,Oralee,Aloise,developer
2027,Cristabel,Pillsbury,athlete
2028,Dianemarie,Prober,worker
2029,Asia,Jerold,worker
2030,Clo,Revkah,developer
2031,Vita,Hourigan,plumber
2032,Keelia,Barney,police officer
2033,Dorice,Stefa,plumber
2034,Kirbee,Marisa,worker
2035,Neila,Vanni,firefighter
2036,Devina,Gaynor,doctor
2037,Jennica,Byrne,doctor
2038,Doralynne,Ingra,athlete
2039,Lynnea,Yam,influencer
2040,Jacenta,Smitt,athlete
2041,Melisent,Tyson,plumber
2042,Annora,Glenden,lawyer
2043,Julieta,Robertson,worker
2044,Stephanie,Wenda,developer
2045,Rhea,Lareena,lawyer
2046,Courtnay,Ventre,firefighter
2047,Harrietta,Wenoa,pharmacist
2048,Lindie,Selway,plumber
2049,June,Arvo,athlete
2050,Evaleen,Pacorro,firefighter
2051,Carmela,Hamil,firefighter
2052,Madeleine,Shuler,lawyer
2053,Jere,My,pharmacist
2054,Chickie,Melan,influencer
2055,Alie,Alejoa,doctor
2056,Kassey,Wilona,police officer
2057,Alejandra,Bashemeth,plumber
2058,Britni,Taam,doctor
2059,Ardenia,Dulciana,plumber
2060,Tracey,Ingra,doctor
2061,Moyna,Si,developer
2062,Myriam,Teddman,architect
2063,Sue,Aida,plumber
2064,Fredericka,Eachern,plumber
2065,Justinn,Weitman,architect
2066,Viviene,Eugenia,firefighter
2067,Sindee,Dowski,worker
2068,Lily,Gamaliel,pharmacist
2069,Annecorinne,Loring,pharmacist
2070,Amelia,Zuzana,lawyer
2071,Carolina,Artie,architect
2072,Sheree,Niccolo,developer
2073,Joy,Weaks,athlete
2074,Tilly,Bollay,police officer
2075,Tonia,Ledah,plumber
2076,Micheline,Idelia,firefighter
2077,Blondelle,Elvyn,worker
2078,Jolyn,Melleta,plumber
2079,Jean,Aaberg,pharmacist
2080,Mariann,Saint,police officer
2081,Beverley,Alwin,firefighter
2082,Elka,Ariella,plumber
2083,Bernie,Howlyn,plumber
2084,Penelopa,Posner,architect
2085,Sara-Ann,Brady,doctor
2086,Max,Wu,worker
2087,Ardenia,Connelly,police officer
2088,Alia,Leler,lawyer
2089,Sean,Edison,architect
2090,Tybie,Raffo,plumber
2091,Jobi,Marden,influencer
2092,Pierette,Colyer,developer
2093,Shaylyn,Sawtelle,influencer
2094,Minne,Erb,worker
2095,Clarice,Fitzsimmons,police officer
2096,Gilda,Kirstin,doctor
2097,Lusa,Liva,firefighter
2098,Desirae,Jerald,influencer
2099,Pearline,Sadowski,developer
2100,Miquela,Velick,worker
2101,Jaime,Sancho,worker
2102,Vonny,Kinnard,lawyer
2103,Viki,Belldas,firefighter
2104,Marylou,Dawkins,lawyer
2105,Dorthy,Jobi,plumber
2106,Shirlee,Margarete,influencer
2107,Caressa,Moina,worker
2108,Elora,Shaver,pharmacist
2109,Jean,Eiser,police officer
2110,Mamie,Estella,lawyer
2111,Evita,Levey,plumber
2112,Katuscha,Deegan,lawyer
2113,Clary,Magdalen,athlete
2114,Chere,Oriana,police officer
2115,Josephine,Tufts,firefighter
2116,Wynne,Fax,plumber
2117,Concettina,Ellord,plumber
2118,Glynnis,Glovsky,lawyer
2119,Moyna,Zamora,influencer
2120,Nicoli,Amadas,doctor
2121,Magdalena,Valerio,influencer
2122,Lorenza,Kolnick,athlete
2123,Ninnetta,Gino,influencer
2124,Ardys,Orpah,firefighter
2125,Christian,Mehalek,developer
2126,Alyssa,Ulphia,pharmacist
2127,Jasmina,Lipson,pharmacist
2128,Felice,Germann,pharmacist
2129,Atlanta,Stefa,influencer
2130,Sheree,Center,lawyer
2131,Magdalena,Docilla,pharmacist
2132,Melisent,Shuler,worker
2133,Ardys,Karylin,athlete
2134,Kalina,Kendrick,plumber
2135,Leia,Beniamino,doctor
2136,Dorice,Hachmin,architect
2137,Dione,Kinnard,plumber
2138,Barbi,Linehan,influencer
2139,Dulce,Vilma,plumber
2140,Carlie,Jarib,pharmacist
2141,Kylynn,Rosette,pharmacist
2142,Dianemarie,Lamoree,police officer
2143,Collen,Raimondo,athlete
2144,Binny,Larochelle,doctor
2145,Celestyna,Haymes,pharmacist
2146,Cathie,Gaal,lawyer
2147,Cyb,Briney,developer
2148,Kaja,Dahlia,worker
2149,Loree,McLaughlin,doctor
2150,Anestassia,Cavan,worker
2151,Adriana,Tound,athlete
2152,Penelopa,Edvard,influencer
2153,Marcy,Madelene,doctor
2154,Vonny,Germann,doctor
2155,Anestassia,Karna,athlete
2156,Jackie,Forrer,developer
2157,Marinna,Redmond,pharmacist
2158,Nonnah,Oster,developer
2159,Nita,Demitria,developer
2160,Jolyn,Emanuel,pharmacist
2161,Priscilla,Lauraine,pharmacist
2162,Bettine,Serilda,pharmacist
2163,Elfreda,Ioab,police officer
2164,Lindie,Hurley,pharmacist
2165,Fred,Adrienne,influencer
2166,Berget,Even,athlete
2167,Marti,Constancy,athlete
2168,Sallie,Jess,athlete
2169,Hallie,Brian,doctor
2170,Marita,Mitzi,plumber
2171,Wilma,Deegan,doctor
2172,Jessy,Newell,lawyer
2173,Angela,Gualtiero,plumber
2174,Tilly,Rona,firefighter
2175,Lindie,Richers,police officer
2176,Chrystel,Ophelia,firefighter
2177,Dyann,Francyne,architect
2178,Quintina,Lesley,athlete
2179,Stevana,Jehu,developer
2180,Kirstin,Helfand,influencer
2181,Calla,Buffum,worker
2182,Donnie,Oriana,doctor
2183,Roseline,Latini,lawyer
2184,Alejandra,Ammann,developer
2185,Janenna,Ortrude,firefighter
2186,Winny,Christine,police officer
2187,Ninnetta,Kellby,doctor
2188,Rani,Dunkin,plumber
2189,Nollie,Larochelle,architect
2190,Jordan,Garrison,worker
2191,Layla,Holtz,developer
2192,Elsie,Eachern,plumber
2193,Zondra,Forrer,pharmacist
2194,Phylis,Terrence,police officer
2195,Carly,Hessler,developer
2196,Gratia,Travax,pharmacist
2197,Gale,Skell,police officer
2198,Hildegaard,Poll,lawyer
2199,Sharlene,Lorenz,plumber
2200,Cherrita,Ajay,plumber
2201,Viki,Carri,worker
2202,Frances,Donoghue,firefighter
2203,Brooks,Persse,lawyer
2204,Cathie,Bohlin,doctor
2205,Peri,Kellby,pharmacist
2206,Hannis,Corilla,police officer
2207,Karena,Wildermuth,firefighter
2208,Elvira,Sholley,worker
2209,Alia,Kaete,pharmacist
2210,Althea,Wiener,athlete
2211,Marleah,Bluh,worker
2212,Pollyanna,Fennessy,developer
2213,Joy,Sabella,influencer
2214,Sherrie,Smitt,firefighter
2215,Fred,Anyah,lawyer
2216,Mallory,Idelia,police officer
2217,Kelly,Wilona,architect
2218,Laure,Doig,athlete
2219,Beth,Uird,architect
2220,Kore,Constancy,influencer
2221,Beatriz,Andrel,plumber
2222,Madelle,Bord,lawyer
2223,Cherrita,Wallis,doctor
2224,Clarice,Richers,developer
2225,Jsandye,Koziara,architect
2226,Karlee,Allina,developer
2227,Genovera,Joeann,plumber
2228,Sissy,Herrera,lawyer
2229,Dolli,Crudden,firefighter
2230,Glenda,Narton,worker
2231,Neila,Andrel,police officer
2232,Emilia,Seumas,pharmacist
2233,Gwyneth,Old,influencer
2234,Paule,Morrill,worker
2235,Alameda,Saunderson,police officer
2236,Kirstin,Dawkins,police officer
2237,Jacenta,Norrie,lawyer
2238,Justinn,Anastatius,pharmacist
2239,Arlina,Melan,influencer
2240,Annora,Tatianas,police officer
2241,Brietta,Joachim,worker
2242,Kelly,Wiener,doctor
2243,Teriann,Tatianas,architect
2244,Corry,Lipson,police officer
2245,Shell,Amethist,plumber
2246,Anthia,Iiette,developer
2247,Viviene,Remmer,athlete
2248,Fidelia,Kristi,influencer
2249,Kathy,Carroll,developer
2250,Carree,Fulmer,influencer
2251,Molli,Autrey,athlete
2252,Celestyna,Teddman,firefighter
2253,Steffane,Peg,plumber
2254,Amii,Tayib,athlete
2255,Albertina,Kelula,police officer
2256,Annecorinne,Palocz,lawyer
2257,Meriel,Lareena,influencer
2258,Albertina,Gherardo,influencer
2259,Maye,Dalli,architect
2260,Florencia,Wattenberg,athlete
2261,Krystle,Kazimir,developer
2262,Tatiania,Andrel,developer
2263,Odessa,Christal,worker
2264,Jan,Malvino,worker
2265,Mignon,Tacye,developer
2266,Carree,Maroney,developer
2267,Quintina,Abbot,plumber
2268,Teriann,Jefferey,doctor
2269,Farrah,Hutchison,influencer
2270,Audrie,Gombach,police officer
2271,Jacquetta,Lesley,worker
2272,Paulita,Pyle,plumber
2273,Vonny,Lubin,lawyer
2274,Sindee,Fabiola,athlete
2275,Sherrie,Kesley,developer
2276,Madalyn,Dowski,pharmacist
2277,Kellen,Anton,athlete
2278,Kristan,Kesley,pharmacist
2279,Ethel,Wenoa,worker
2280,Brianna,Cookie,lawyer
2281,Gusella,Velick,worker
2282,Lorenza,Martguerita,firefighter
2283,Dode,Giff,architect
2284,Hannis,Clarissa,firefighter
2285,Charlena,Sprage,influencer
2286,Marika,Kinnard,worker
2287,Adelle,Eachern,police officer
2288,Nessie,Lay,athlete
2289,Blake,Manolo,pharmacist
2290,Cecile,Faso,plumber
2291,Mahalia,Tound,influencer
2292,Perry,Waldron,lawyer
2293,Evita,Ochs,firefighter
2294,Blondelle,Peonir,athlete
2295,Eugine,Chapland,police officer
2296,Henriette,Mandler,police officer
2297,Correy,Rocray,influencer
2298,Kristan,Pandolfi,firefighter
2299,Augustine,Lindemann,doctor
2300,Caritta,Gower,architect
2301,Ada,Danby,firefighter
2302,Caryl,Breed,pharmacist
2303,Ebonee,Deny,influencer
2304,Camile,Hessler,athlete
2305,Melodie,Nicoline,developer
2306,Sabina,Rosalba,lawyer
2307,Benita,Muriel,worker
2308,Tani,Neva,lawyer
2309,Oona,Milde,firefighter
2310,Shaine,Grosz,doctor
2311,Ethel,McLaughlin,architect
2312,Yvonne,Hirsch,firefighter
2313,Rosaline,Gabrielli,doctor
2314,Hope,Infield,plumber
2315,Ermengarde,Socha,athlete
2316,Esmeralda,Fry,firefighter
2317,Elvira,Carmena,architect
2318,Michaelina,Taima,lawyer
2319,Reeba,Schenck,architect
2320,Selma,Frodi,lawyer
2321,Ethel,Fiester,plumber
2322,Gertrud,Lareena,developer
2323,Netty,Herrera,developer
2324,Lory,McNully,lawyer
2325,Lenna,Israeli,firefighter
2326,Mireielle,Cottle,influencer
2327,Joceline,Infield,lawyer
2328,Ilse,Cohdwell,architect
2329,Georgina,Rosette,architect
2330,Melodie,Uund,plumber
2331,Daphne,Emanuel,pharmacist
2332,Fidelia,Marlie,influencer
2333,Elka,Berl,influencer
2334,Babita,Roche,firefighter
2335,Edee,Duwalt,architect
2336,Quintina,Liva,athlete
2337,Clarice,Thornburg,influencer
2338,Sean,Stav,developer
2339,Tera,Adlare,developer
2340,Fanny,Carvey,police officer
2341,Teriann,Giff,plumber
2342,Leanna,Voletta,police officer
2343,Myriam,Breed,police officer
2344,Kerrin,Sherfield,architect
2345,Adore,Radu,doctor
2346,Deirdre,Wilona,athlete
2347,Mathilda,Modie,architect
2348,Damaris,Hylan,worker
2349,Layla,Haldas,plumber
2350,Florie,Atonsah,worker
2351,Doralynne,Elsinore,plumber
2352,Sibella,Jehu,influencer
2353,Max,Niles,lawyer
2354,Inga,Catie,pharmacist
2355,Vita,Amasa,developer
2356,Farrah,Audly,plumber
2357,Glenda,Secrest,plumber
2358,Allis,Kenwood,architect
2359,Ardeen,Taam,architect
2360,Beth,Glovsky,lawyer
2361,Olwen,Bari,athlete
2362,Ulrike,Anastatius,pharmacist
2363,Fina,Ciro,worker
2364,Meghann,Chinua,athlete
2365,Gilda,Pandolfi,pharmacist
2366,Harmonia,Burch,influencer
2367,Oona,Bibi,doctor
2368,Rubie,Arathorn,pharmacist
2369,Olwen,Sothena,developer
2370,Michaelina,Bergman,athlete
2371,Gusella,Lenny,police officer
2372,Kial,Leopold,architect
2373,Corene,Robertson,firefighter
2374,Berta,Goldina,lawyer
2375,Alexine,Alwin,worker
2376,Cathie,Tannie,influencer
2377,Cyb,Clie,architect
2378,Chrystel,Kelula,firefighter
2379,Frances,Thar,worker
2380,Danny,Angelis,worker
2381,Christy,Freddi,lawyer
2382,Georgina,Maiah,doctor
2383,Rubie,Lail,influencer
2384,Fayre,Arley,worker
2385,Steffane,Matthew,influencer
2386,Ebonee,Haldas,athlete
2387,Riannon,Scammon,developer
2388,Lilith,Orpah,plumber
2389,Tersina,Kevon,lawyer
2390,Fernande,Fitzsimmons,lawyer
2391,Gabriellia,Garlinda,doctor
2392,Jennica,Jagir,architect
2393,Janenna,Cornelia,developer
2394,Ivett,Radu,worker
2395,Jemie,ONeill,doctor
2396,Tatiania,Carvey,lawyer
2397,Andree,Fosque,developer
2398,Malina,Gert,firefighter
2399,Allis,Lia,influencer
2400,Mady,Erskine,architect
2401,Sissy,Carey,lawyer
2402,Kate,Poppy,worker
2403,Dari,Kronfeld,architect
2404,Edyth,Baylor,architect
2405,Silvana,Skell,architect
2406,Pamella,Durante,firefighter
2407,Mariann,Tremayne,lawyer
2408,Cissiee,Abernon,architect
2409,Melanie,Abram,architect
2410,Benita,Marijo,architect
2411,Minne,Kenwood,influencer
2412,Caryl,Calhoun,lawyer
2413,Brana,Janene,influencer
2414,Hollie,Vharat,worker
2415,Randa,Pozzy,athlete
2416,Raf,Yusuk,developer
2417,Frieda,Adrienne,architect
2418,Lynnea,Garbe,pharmacist
2419,Blinni,Primalia,lawyer
2420,Blondelle,Grobe,police officer
2421,Gabriellia,Pip,influencer
2422,Lacie,Gombach,athlete
2423,Sharai,Pauly,architect
2424,Elmira,Kannry,doctor
2425,Starla,Brenn,athlete
2426,Britni,Berard,athlete
2427,Candy,Rolf,police officer
2428,Christal,Gibbeon,firefighter
2429,Laurene,Dom,police officer
2430,Brynna,Dosia,influencer
2431,Malina,Gibbeon,architect
2432,Tierney,Lilas,pharmacist
2433,Viviene,Lewes,plumber
2434,Bernardine,Newell,lawyer
2435,Elbertina,Skurnik,doctor
2436,Wanda,Kaja,athlete
2437,Amalie,Japeth,doctor
2438,Silvana,Carleen,developer
2439,Carlie,Ciro,firefighter
2440,Roz,Jacobah,architect
2441,Agnese,Stuart,worker
2442,Jere,Joli,pharmacist
2443,Orelia,Frendel,pharmacist
2444,Melodie,Jerold,architect
2445,Dorothy,Nahum,doctor
2446,Michaelina,Nikaniki,architect
2447,Joceline,Lanita,athlete
2448,Cathyleen,Cosenza,firefighter
2449,Zondra,Gladstone,architect
2450,Luci,Hoenack,police officer
2451,Sophia,Vanni,influencer
2452,Devina,Elsinore,plumber
2453,Charmaine,Brian,doctor
2454,Sherrie,Wolfgram,plumber
2455,Ursulina,Bultman,lawyer
2456,Teddie,Ochs,lawyer
2457,Chere,Klemperer,lawyer
2458,Carree,Thema,developer
2459,Janeczka,Taam,worker
2460,Tobe,Grimbly,plumber
2461,Liana,Reidar,athlete
2462,Lila,Johnsson,lawyer
2463,Sharlene,Codding,architect
2464,Romona,Hillel,athlete
2465,Aigneis,Cynar,firefighter
2466,Donnie,Chinua,influencer
2467,Almeta,Pettiford,police officer
2468,Joelly,Leonard,police officer
2469,Dyann,Gualtiero,plumber
2470,Celisse,Kare,worker
2471,Cherilyn,Anastatius,worker
2472,Aigneis,Hertzfeld,influencer
2473,Marleah,Yorick,architect
2474,Charissa,Wesle,developer
2475,Orsola,Thad,influencer
2476,Marti,Charity,plumber
2477,Mamie,Pyle,influencer
2478,Zondra,Durante,influencer
2479,Riannon,Jobi,influencer
2480,Tabbatha,Gilmour,developer
2481,Minda,Roxanna,firefighter
2482,Ingrid,Bibi,doctor
2483,Collen,Radu,doctor
2484,Demetris,Cecile,developer
2485,Helsa,Rozanna,plumber
2486,Alameda,Judye,lawyer
2487,Donetta,Sheng,lawyer
2488,Tatiania,Elvyn,plumber
2489,Bettine,Monaco,lawyer
2490,Lynde,Ortrude,worker
2491,June,Serilda,developer
2492,Marti,Grayce,developer
2493,Kimmy,Virgin,worker
2494,Heddie,Cutlerr,police officer
2495,Kayla,Skurnik,influencer
2496,Harrietta,Zeeba,pharmacist
2497,Allyce,Emmy,developer
2498,Georgina,Junie,developer
2499,Nessie,Rosalba,doctor
2500,Sara-Ann,Freddi,police officer
2501,Sabina,Pond,worker
2502,Raf,Birdella,plumber
2503,Charlena,Juliet,architect
2504,Aimil,Bartlett,firefighter
2505,Winny,Sasnett,lawyer
2506,Tami,Gavrila,developer
2507,Molli,Harned,athlete
2508,Angelique,Tamsky,athlete
2509,Nita,Aprile,plumber
2510,Zaria,Corilla,athlete
2511,Danny,Strephon,firefighter
2512,Gretal,Stelle,doctor
2513,Charissa,Juliet,worker
2514,Krystle,Thomasina,lawyer
2515,Feliza,Joli,firefighter
2516,Lorne,Raama,architect
2517,Annecorinne,Lattie,architect
2518,Rebeca,Franza,developer
2519,Phedra,Konyn,developer
2520,Hyacinthe,Pattin,pharmacist
2521,Paola,Hedve,athlete
2522,Siana,Ivens,plumber
2523,Romona,Vastah,doctor
2524,Phedra,Wu,worker
2525,Randa,Zitvaa,police officer
2526,Cassondra,Zeeba,lawyer
2527,Randa,Norrie,police officer
2528,Georgina,Kazimir,police officer
2529,Janeczka,Nance,influencer
2530,Madelle,Doig,firefighter
2531,Demetris,Martguerita,lawyer
2532,Karina,Tybald,plumber
2533,Ernesta,Kare,influencer
2534,Bettine,Ivens,lawyer
2535,Etta,Fadiman,architect
2536,Pearline,Madox,doctor
2537,Julieta,Jena,police officer
2538,Kenna,Ardeha,doctor
2539,Gerrie,Behre,firefighter
2540,Shaine,Minetta,athlete
2541,Merrie,Lay,lawyer
2542,Roslyn,Shuler,architect
2543,Atlanta,Kermit,athlete
2544,Jasmina,Gamaliel,worker
2545,Olwen,Publia,architect
2546,Ricky,Urias,athlete
2547,Evita,Colbert,developer
2548,Dolli,Lacombe,police officer
2549,Ariela,Means,developer
2550,Jacenta,Eugenia,lawyer
2551,Sallie,Kaja,influencer
2552,Eadie,Swigart,worker
2553,Steffane,Connelly,firefighter
2554,Demetris,Janith,worker
2555,Paola,Elo,firefighter
2556,Fidelia,Dalli,plumber
2557,Lacie,Trinetta,developer
2558,Dennie,Candy,athlete
2559,Donnie,Oscar,plumber
2560,Alia,Shelba,police officer
2561,Dede,Bates,worker
2562,Frances,Alice,influencer
2563,Lanae,Cimbura,worker
2564,Christy,Mintz,influencer
2565,Romona,Modie,plumber
2566,Christal,Cloris,firefighter
2567,Allis,Lesley,influencer
2568,Celisse,Elisha,lawyer
2569,Elyssa,Tayib,developer
2570,Vere,Hunfredo,lawyer
2571,Daune,Stover,developer
2572,Karly,Jacqui,architect
2573,Tarra,Burkle,pharmacist
2574,Katuscha,Charity,doctor
2575,Madelle,Dannye,athlete
2576,Ardenia,Shama,police officer
2577,Charlena,Schenck,pharmacist
2578,Christal,Dorothy,architect
2579,Dale,Orlene,police officer
2580,Blondelle,Lacombe,architect
2581,Monika,Madelene,firefighter
2582,Barbi,Gavrila,influencer
2583,Willetta,Medrek,lawyer
2584,Charlena,Hollingsworth,worker
2585,Sonni,Sharl,lawyer
2586,Brena,Quent,developer
2587,Margarette,Etom,police officer
2588,Magdalena,Bartlett,developer
2589,Paule,Geffner,police officer
2590,Cam,Kristi,doctor
2591,Joceline,Luhe,influencer
2592,Aeriela,Tarrant,plumber
2593,Paulita,Abbot,influencer
2594,Doro,Sasnett,athlete
2595,Stephanie,Millda,worker
2596,Ronna,Publia,lawyer
2597,Adele,Hanshaw,police officer
2598,Kirstin,Haerr,architect
2599,Sheree,Candy,doctor
2600,Orsola,Philoo,plumber
2601,Dorice,Othilia,lawyer
2602,Feliza,Sholley,worker
2603,Brandise,Greenwald,lawyer
2604,Netty,McLaughlin,pharmacist
2605,Tressa,Morrill,athlete
2606,Catrina,Telfer,worker
2607,Janeczka,Reinke,police officer
2608,Maisey,Loeb,athlete
2609,Alexine,Euridice,lawyer
2610,Steffane,Vernier,influencer
2611,Leeanne,Zina,worker
2612,Margalo,Borrell,plumber
2613,Marinna,Abram,plumber
2614,Linzy,Bearnard,pharmacist
2615,Lacie,Korey,doctor
2616,Brooks,Odysseus,doctor
2617,Cathie,Quinn,influencer
2618,Berget,Chabot,architect
2619,Jacquetta,Chapland,architect
2620,Devina,Raychel,architect
2621,Sonni,Suzetta,developer
2622,Kimberley,Frodi,firefighter
2623,Jobi,Raychel,architect
2624,Fernande,Lalitta,plumber
2625,Wynne,Mayeda,influencer
2626,Shaylyn,Jacinda,plumber
2627,Ariela,Glovsky,architect
2628,Kathy,Ezar,lawyer
2629,Agnese,Wu,athlete
2630,Pollyanna,Percy,plumber
2631,Maryellen,Aaberg,architect
2632,Mathilda,Dudley,pharmacist
2633,Josephine,Nerita,plumber
2634,Arlena,Lytton,plumber
2635,Lesly,Halsey,pharmacist
2636,Vere,Ingra,plumber
2637,Feliza,Winnick,lawyer
2638,Amara,Justinn,architect
2639,Jenilee,Idelia,influencer
2640,Annora,Lubin,police officer
2641,Meg,Uund,lawyer
2642,Genovera,Nickola,lawyer
2643,Kimmy,Giule,doctor
2644,Celestyna,Strephon,pharmacist
2645,Misha,Janene,doctor
2646,Edyth,Nicoline,plumber
2647,Carlie,Vernier,plumber
2648,Neila,Bennie,athlete
2649,Doralynne,Mike,influencer
2650,Charlena,Lail,plumber
2651,Neila,Donoghue,developer
2652,Jessamyn,Ventre,worker
2653,Latisha,Isacco,police officer
2654,Hyacinthe,Nedrud,doctor
2655,Madelle,Heisel,police officer
2656,Olwen,Kaja,lawyer
2657,Janey,Carvey,influencer
2658,Bernardine,Maxi,pharmacist
2659,Sybille,Phi,influencer
2660,Neila,Stuart,athlete
2661,Brietta,Waite,worker
2662,Lorie,Glenden,doctor
2663,Frieda,Flita,firefighter
2664,Noelle,Fennessy,police officer
2665,Ingrid,Crudden,developer
2666,Sibella,Ivens,doctor
2667,Ernesta,Bluh,athlete
2668,Estell,Maxi,doctor
2669,Cassandra,Posner,lawyer
2670,Frances,Desai,developer
2671,Marinna,Capello,firefighter
2672,Consuela,Rurik,pharmacist
2673,Netty,Malanie,lawyer
2674,Ann-Marie,Beebe,athlete
2675,Beatriz,Gherardo,developer
2676,Suzette,Tyson,pharmacist
2677,Shandie,Pip,athlete
2678,Luci,Thomasina,firefighter
2679,Daryl,Peg,doctor
2680,Olwen,Taima,athlete
2681,Sybille,Christal,worker
2682,Jan,Krystle,worker
2683,Joane,Fadiman,lawyer
2684,Sissy,Aaberg,plumber
2685,Fredericka,Carvey,worker
2686,Sashenka,Linskey,architect
2687,Lita,Girardo,pharmacist
2688,Pollyanna,Bultman,pharmacist
2689,Tarra,Soneson,firefighter
2690,Micheline,Annabella,worker
2691,Harmonia,Sherfield,influencer
2692,Florie,Wyn,developer
2693,Ileana,Frodi,influencer
2694,Courtnay,Henrie,developer
2695,Roseline,Berard,plumber
2696,Dari,Warthman,influencer
2697,Natka,Elephus,influencer
2698,Dania,Woodberry,doctor
2699,Jinny,Lorain,worker
2700,Blake,Rourke,athlete
2701,Melodie,Hirsch,police officer
2702,Cyndie,Kauppi,plumber
2703,Raquela,Randene,police officer
2704,Tina,Adamsen,influencer
2705,Gusty,Nisbet,pharmacist
2706,Anestassia,Fleeta,doctor
2707,Sadie,Kesley,athlete
2708,Antonietta,Nadia,developer
2709,Farrah,Vilma,police officer
2710,Christal,Myrilla,plumber
2711,Deane,Gert,developer
2712,Ana,Liebermann,doctor
2713,Maye,Bow,pharmacist
2714,Tybie,Florina,lawyer
2715,Marika,Wooster,lawyer
2716,Raina,Helve,plumber
2717,Roslyn,Stav,firefighter
2718,Ada,Boycey,police officer
2719,Jinny,Lewes,lawyer
2720,Hope,Harned,doctor
2721,Courtnay,Emerson,plumber
2722,Amara,Juliet,firefighter
2723,Philis,Garrison,influencer
2724,Felice,Zitvaa,plumber
2725,Jerry,Dalli,architect
2726,Bobinette,Delacourt,plumber
2727,Xylina,Standing,lawyer
2728,Gui,Bibi,athlete
2729,Ingrid,Regan,doctor
2730,Elbertina,Gale,plumber
2731,Lilith,Meli,doctor
2732,Vivia,Peti,doctor
2733,Chickie,Sisile,pharmacist
2734,Ardenia,Colyer,lawyer
2735,Elvira,Santoro,police officer
2736,Teriann,Norrie,plumber
2737,Jinny,Angelis,architect
2738,Jobi,Wooster,architect
2739,Dennie,Yoko,developer
2740,Sonni,Barrus,influencer
2741,Genovera,Tjon,doctor
2742,Zondra,Kermit,athlete
2743,Jackie,Paine,pharmacist
2744,Kristan,Wesle,architect
2745,Sharai,Brittani,doctor
2746,Brietta,Lutero,doctor
2747,Jolyn,Vilma,architect
2748,Maryellen,Weide,pharmacist
2749,Zia,Dannye,developer
2750,Cyb,Ralfston,influencer
2751,Fanny,Dermott,architect
2752,Minne,Hoban,worker
2753,Elka,Colp,doctor
2754,Lonnie,Rogerio,architect
2755,Charlena,Elbertina,pharmacist
2756,Zondra,Giff,pharmacist
2757,Siana,Iaverne,doctor
2758,Raina,Berard,architect
2759,Orelia,Wallis,architect
2760,Estell,Monaco,lawyer
2761,Lorne,Marijo,doctor
2762,Tomasina,Cordi,worker
2763,Carmencita,Posner,pharmacist
2764,Jaclyn,Old,police officer
2765,Raf,Ramona,firefighter
2766,Catharine,Paton,influencer
2767,Alameda,Salchunas,lawyer
2768,Elvira,Bethany,doctor
2769,Tomasina,August,plumber
2770,Melanie,Briney,pharmacist
2771,Iseabal,Diann,doctor
2772,Rani,Leary,police officer
2773,Starla,Milson,firefighter
2774,Danny,Ferino,architect
2775,Eolanda,Joni,lawyer
2776,Pollyanna,Erminia,influencer
2777,Corly,Socha,pharmacist
2778,Melina,Girardo,influencer
2779,Lynnea,Rodmann,architect
2780,Jordan,Carri,lawyer
2781,Chastity,Francyne,athlete
2782,Cherilyn,Constancy,influencer
2783,Catharine,Posner,lawyer
2784,Jasmina,Ethban,firefighter
2785,Florencia,Gilmour,plumber
2786,Dawn,Bollay,architect
2787,Nataline,Lory,influencer
2788,Deloria,Rourke,influencer
2789,Tybie,Arne,plumber
2790,Sallie,Fitzsimmons,architect
2791,Rori,Bettine,developer
2792,Chloris,Giule,police officer
2793,Shandie,Fulmer,pharmacist
2794,Rozele,Dearborn,pharmacist
2795,Fina,Gaulin,architect
2796,Ebonee,Ventre,developer
2797,Brianna,Blase,doctor
2798,Zaria,Zachary,worker
2799,Blondelle,Juan,pharmacist
2800,Teriann,Vary,doctor
2801,Kylynn,Atcliffe,police officer
2802,Max,Center,doctor
2803,Kristina,Jenness,police officer
2804,Rosene,Merell,lawyer
2805,Valeda,Virgin,developer
2806,Ayn,Kamaria,pharmacist
2807,Petronia,Saint,firefighter
2808,Dania,Tengdin,pharmacist
2809,Dede,Stav,influencer
2810,Ethel,Roscoe,influencer
2811,Wilma,Bevin,plumber
2812,Winifred,Si,worker
2813,Raina,Hoenack,doctor
2814,Katharina,Mallon,worker
2815,Amara,Kristi,doctor
2816,Audrie,My,firefighter
2817,Dawn,Toffic,influencer
2818,Dawn,Herrera,police officer
2819,Ardenia,Wallis,influencer
2820,Sissy,Claudine,worker
2821,Cassondra,Adlare,developer
2822,Wilma,Hourigan,influencer
2823,Bobbi,Allina,plumber
2824,Bernardine,Lewes,influencer
2825,Orelia,Raychel,influencer
2826,Brena,Uird,influencer
2827,Ebonee,Grayce,lawyer
2828,Madeleine,Kolnick,worker
2829,Tani,Talia,plumber
2830,Mara,Edvard,influencer
2831,Carly,Hillel,doctor
2832,Jere,Wolfgram,doctor
2833,Xylina,Brieta,lawyer
2834,Janey,Vanni,developer
2835,Cathie,Reinke,developer
2836,Mariann,Quinn,influencer
2837,Viviene,Haldas,lawyer
2838,Marylou,Carolin,influencer
2839,Alejandra,Maisey,firefighter
2840,Fernande,Rubie,pharmacist
2841,Tera,Wolfgram,firefighter
2842,Tressa,Boehike,worker
2843,Jinny,Jena,worker
2844,Jobi,Martguerita,doctor
2845,Paulita,Stephie,pharmacist
2846,Evita,Bouchard,police officer
2847,Vita,Ahab,lawyer
2848,Cecile,Euridice,developer
2849,Perry,Chandler,lawyer
2850,Ermengarde,Bari,plumber
2851,Sandie,Keelia,lawyer
2852,Annora,Chauncey,influencer
2853,Grier,Darian,police officer
2854,Lynea,Bronk,police officer
2855,Ethel,Bakerman,plumber
2856,Silvana,Gower,pharmacist
2857,Stevana,Hepsibah,athlete
2858,Elfreda,Peg,athlete
2859,Ann-Marie,Brieta,doctor
2860,Kial,Bearnard,lawyer
2861,Sue,Romelda,police officer
2862,Hallie,Azeria,plumber
2863,Sharlene,Wadell,doctor
2864,Carmela,Lail,developer
2865,Oona,Ricki,pharmacist
2866,Morganica,Bennie,influencer
2867,Karena,Raimondo,firefighter
2868,Dacia,Pascia,developer
2869,Adore,Bertold,architect
2870,Mara,Frodi,police officer
2871,Juliane,Erich,police officer
2872,Lenna,Bollay,architect
2873,Ricky,Ahab,plumber
2874,Jinny,Ventre,worker
2875,Renie,Plato,police officer
2876,Paulita,Garek,plumber
2877,Ayn,Rodmann,developer
2878,Katleen,Birdella,doctor
2879,Aubrie,Decato,influencer
2880,Selma,Kaete,lawyer
2881,Gianina,Donoghue,firefighter
2882,Lita,Daniele,architect
2883,Noelle,Felecia,doctor
2884,Norine,Schroth,pharmacist
2885,Evaleen,Dominy,doctor
2886,Ida,Buckler,police officer
2887,Lita,Allys,pharmacist
2888,Ninnetta,Lenny,doctor
2889,Lindie,Carroll,plumber
2890,Janeczka,Dominy,athlete
2891,Zondra,Pip,architect
2892,Kaia,Jacqui,police officer
2893,Reeba,Urias,developer
2894,Marcelline,Liva,lawyer
2895,Gerianna,Taima,athlete
2896,Florencia,Merell,lawyer
2897,Cassandra,Niccolo,doctor
2898,Pearline,Urias,worker
2899,Dorene,Wareing,pharmacist
2900,Melisent,Sheng,police officer
2901,Sophia,Dudley,athlete
2902,Roseline,Uird,doctor
2903,Daphne,Seligman,plumber
2904,Ada,Keily,athlete
2905,Candi,Alarise,pharmacist
2906,Alia,Moina,architect
2907,Maridel,Burkle,doctor
2908,June,Percy,firefighter
2909,Deloria,Arne,worker
2910,Jobi,Haerr,developer
2911,Alexine,Leopold,influencer
2912,Ermengarde,Latini,plumber
2913,Devina,Dielu,lawyer
2914,Marti,Stover,police officer
2915,Lanae,Cottle,architect
2916,Kimberley,Toor,firefighter
2917,Carolina,Huggins,developer
2918,Kore,Vastah,worker
2919,Flo,Scammon,lawyer
2920,Charlena,Poll,developer
2921,Margette,Goth,lawyer
2922,Etta,Barbey,athlete
2923,Flo,Leler,athlete
2924,Linzy,Tippets,pharmacist
2925,Tani,Maribeth,police officer
2926,Tina,Lamoree,firefighter
2927,Amara,Loeb,police officer
2928,Sissy,Federica,police officer
2929,Gusty,Dichy,pharmacist
2930,Bibby,Khorma,influencer
2931,Codie,Weinreb,developer
2932,Andree,McCutcheon,plumber
2933,Tomasina,Loeb,worker
2934,Sadie,Gavrila,athlete
2935,Paule,Evangelia,plumber
2936,Adele,Brunell,worker
2937,Anestassia,Jalbert,lawyer
2938,Britni,Lacombe,developer
2939,Glynnis,Noelyn,architect
2940,Valli,Yate,athlete
2941,Jemie,Clara,developer
2942,Bettine,Jary,plumber
2943,Kirstin,Hull,police officer
2944,Elena,Ellerey,pharmacist
2945,Ingrid,Syd,athlete
2946,Aurore,Merna,developer
2947,Liana,Raul,architect
2948,Deirdre,Stevy,pharmacist
2949,Trixi,Wilona,influencer
2950,Shel,Jacobah,athlete
2951,Constance,Tomasina,police officer
2952,Ardeen,Dichy,athlete
2953,Vita,Berl,police officer
2954,Aaren,Huggins,firefighter
2955,Jean,Francyne,worker
2956,Ethel,Blake,police officer
2957,Imojean,Bertold,police officer
2958,Karly,Vivle,influencer
2959,Molli,Cadmar,police officer
2960,Ayn,Keelia,firefighter
2961,Ashlee,Rebecka,worker
2962,Addia,Lilybelle,firefighter
2963,Rosene,Maroney,police officer
2964,Josephine,Carbo,influencer
2965,Dorothy,Cloris,influencer
2966,Chrystel,Palocz,architect
2967,Pearline,Blake,plumber
2968,Flo,Wenoa,police officer
2969,Annabela,Behre,developer
2970,Catharine,Prober,doctor
2971,Allyce,Friede,police officer
2972,Andeee,Fontana,police officer
2973,Lesly,Kosey,firefighter
2974,Neila,Ummersen,influencer
2975,Ellette,Eiser,influencer
2976,Amara,Dulciana,developer
2977,Marti,Bethany,worker
2978,Meg,Taam,developer
2979,Oona,Wildermuth,influencer
2980,Audrie,Magnolia,worker
2981,Diena,Elvyn,pharmacist
2982,Damaris,Lorain,lawyer
2983,Wanda,Mayeda,influencer
2984,Bobbi,Anis,plumber
2985,Lucy,Hutchison,athlete
2986,Claudina,Guildroy,firefighter
2987,Hollie,Maroney,plumber
2988,Cindelyn,Ilka,influencer
2989,Zaria,Bouchard,police officer
2990,Queenie,Croix,worker
2991,Corina,Lamoree,influencer
2992,Dennie,Laurianne,firefighter
2993,Miquela,Raama,athlete
2994,Lila,Korey,developer
2995,Karena,Maryanne,athlete
2996,Noelle,Sophronia,developer
2997,Philis,Atcliffe,pharmacist
2998,Chloris,Kermit,developer
2999,Lenna,Clie,athlete